,SRC,DST
5,1001,1101
8,1003,1053
9,1003,1097
11,1003,1129
12,1003,12033
15,1005,1045
16,1005,1067
17,1005,1109
53,1015,1121
76,1023,1119
77,1023,1129
78,1023,28023
79,1023,28075
88,1027,1037
90,1027,1121
101,1031,1045
103,1031,1109
115,1037,1117
116,1037,1121
131,1043,1103
132,1043,1127
136,1045,1067
137,1045,1069
138,1045,1109
146,1049,1071
148,1049,13055
157,1053,12033
159,1053,12113
164,1057,1075
168,1057,1127
173,1059,28057
174,1059,28141
191,1067,1069
193,1067,13099
195,1069,12063
196,1069,13099
197,1069,13253
199,1071,1089
203,1071,47115
206,1073,1117
208,1073,1127
213,1075,28095
246,1089,1103
261,1097,1129
263,1097,28041
264,1097,28059
268,1101,1109
290,1117,1121
293,1119,28075
302,1129,28041
388,4001,4011
390,4001,8083
391,4001,35003
403,4005,4007
407,4005,49025
421,4011,35003
423,4011,35023
456,5001,5041
460,5001,5095
472,5005,5065
473,5005,5089
474,5005,5129
476,5005,29153
487,5009,5089
489,5009,5129
490,5009,29213
497,5013,5025
498,5013,5039
499,5013,5103
517,5019,5039
518,5019,5059
521,5019,5103
522,5019,5109
533,5023,5141
534,5023,5145
536,5025,5039
537,5025,5043
556,5031,5067
562,5033,5047
563,5033,5087
565,5033,5143
566,5033,40001
585,5039,5059
586,5039,5103
588,5041,5043
591,5041,28011
602,5047,5083
603,5047,5087
612,5051,5059
615,5051,5125
627,5057,5061
628,5057,5073
629,5057,5081
632,5057,5109
635,5059,5125
637,5061,5081
639,5061,5109
640,5061,5113
650,5065,5135
655,5067,5145
656,5067,5147
675,5077,5095
678,5077,28143
683,5081,40089
684,5081,48037
686,5083,5115
687,5083,5127
696,5087,5143
698,5089,5129
699,5089,29153
700,5089,29213
718,5095,5147
741,5109,5113
744,5113,5127
746,5113,40079
747,5113,40089
749,5115,5129
750,5115,5141
758,5121,5135
759,5121,29149
767,5127,40079
770,5129,5141
777,5135,29149
786,5143,40001
788,5145,5147
811,6007,6011
812,6007,6021
813,6007,6063
818,6009,6077
819,6009,6099
820,6009,6109
822,6011,6021
823,6011,6033
825,6011,6113
830,6013,6077
831,6013,6095
834,6015,6023
852,6021,6033
864,6027,6051
865,6027,6071
868,6027,32009
879,6031,6053
880,6031,6079
886,6033,6113
888,6035,6049
889,6035,6063
892,6035,32031
894,6037,6059
895,6037,6071
921,6049,32031
922,6049,41035
925,6051,6109
927,6051,32009
928,6051,32019
929,6051,32021
931,6053,6069
932,6053,6079
945,6059,6071
952,6061,32031
976,6077,6099
978,6079,6083
1002,6095,6113
1005,6099,6109
1027,8003,8023
1029,8003,8105
1030,8003,8109
1040,8007,8053
1041,8007,8067
1042,8007,8079
1043,8007,8105
1044,8007,35039
1048,8009,8071
1051,8009,20187
1068,8014,8123
1077,8017,8061
1080,8017,20071
1081,8017,20199
1083,8019,8047
1087,8019,8117
1095,8023,8071
1096,8023,35007
1097,8023,35055
1116,8033,8067
1117,8033,8083
1118,8033,8111
1119,8033,8113
1144,8043,8109
1162,8051,8053
1164,8051,8085
1167,8051,8109
1169,8053,8067
1170,8053,8079
1172,8053,8109
1173,8053,8111
1181,8057,56001
1188,8061,8089
1190,8061,20071
1203,8067,8083
1204,8067,8111
1211,8071,8089
1213,8071,35007
1220,8075,8095
1223,8075,8123
1224,8075,8125
1233,8079,8105
1234,8079,8109
1236,8081,8103
1238,8081,49009
1239,8081,49047
1241,8081,56037
1243,8083,8111
1248,8085,8113
1264,8095,8125
1265,8095,31029
1275,8103,49047
1277,8105,8109
1282,8111,8113
1295,8123,56021
1298,8125,31029
1301,9001,9005
1302,9001,9009
1306,9001,36103
1309,9003,9005
1311,9003,9009
1312,9003,9011
1313,9003,9013
1316,9005,9009
1325,9009,36103
1327,9011,9013
1329,9011,36103
1351,10003,24029
1353,10003,34033
1354,10003,42029
1355,10003,42045
1357,10005,24011
1358,10005,24019
1364,11001,24033
1365,11001,51013
1367,11001,51510
1369,12001,12007
1371,12001,12041
1372,12001,12075
1373,12001,12083
1374,12001,12107
1377,12003,12007
1380,12003,12031
1381,12003,12089
1383,12003,13049
1384,12003,13065
1385,12003,13299
1389,12005,12063
1390,12005,12131
1391,12005,12133
1394,12007,12107
1400,12009,12117
1401,12009,12127
1403,12011,12021
1421,12017,12075
1422,12017,12083
1423,12017,12119
1447,12029,12041
1449,12029,12075
1450,12029,12123
1452,12031,12089
1455,12033,12113
1457,12035,12107
1459,12035,12127
1473,12041,12075
1474,12041,12121
1477,12043,12055
1509,12057,12101
1513,12059,12063
1514,12059,12131
1515,12059,12133
1522,12063,12133
1523,12063,13253
1536,12069,12083
1540,12069,12117
1541,12069,12119
1542,12069,12127
1550,12075,12083
1554,12079,12121
1555,12079,12123
1557,12079,13185
1562,12083,12107
1563,12083,12119
1564,12083,12127
1574,12089,13049
1594,12101,12119
1600,12107,12127
1606,12117,12127
1614,12131,12133
1631,13005,13161
1633,13005,13299
1636,13007,13087
1638,13007,13099
1639,13007,13201
1678,13019,13155
1679,13019,13173
1680,13019,13185
1681,13019,13277
1697,13025,13049
1700,13025,13299
1701,13025,13305
1715,13031,13103
1716,13031,13107
1719,13031,13251
1721,13033,13107
1725,13033,13251
1727,13033,45005
1728,13033,45011
1752,13045,13097
1753,13045,13121
1762,13049,13299
1764,13051,13103
1771,13053,13263
1773,13055,13115
1776,13057,13067
1779,13057,13121
1783,13059,13157
1784,13059,13195
1786,13059,13221
1798,13065,13101
1799,13065,13173
1800,13065,13299
1802,13067,13097
1803,13067,13121
1834,13079,13193
1836,13079,13225
1859,13087,13201
1861,13087,13253
1863,13089,13121
1864,13089,13135
1865,13089,13151
1866,13089,13247
1875,13093,13193
1878,13093,13315
1885,13097,13121
1888,13099,13201
1889,13099,13253
1891,13101,13173
1892,13101,13185
1894,13103,13251
1900,13105,13195
1901,13105,13221
1902,13105,13317
1903,13105,45001
1909,13107,13167
1910,13107,13175
1921,13111,13291
1923,13111,47139
1925,13113,13121
1929,13115,13233
1941,13121,13135
1963,13133,13141
1966,13133,13221
1971,13135,13157
1972,13135,13247
1973,13135,13297
1978,13137,13281
1980,13137,45073
1988,13141,13301
1989,13141,13303
2006,13151,13247
2014,13155,13277
2015,13155,13287
2017,13157,13195
2027,13161,13271
2029,13161,13309
2039,13167,13175
2041,13167,13303
2054,13173,13185
2058,13175,13309
2087,13193,13225
2092,13195,13221
2107,13201,13253
2136,13221,13317
2163,13243,13273
2164,13243,13307
2169,13247,13297
2174,13251,45005
2197,13271,13309
2198,13271,13315
2200,13273,13307
2203,13277,13287
2208,13281,13291
2210,13281,37043
2215,13287,13315
2222,13291,37043
2230,13301,13317
2251,16001,16015
2254,16001,16045
2255,16001,16073
2257,16003,16045
2265,16005,16029
2266,16005,16041
2270,16007,16029
2271,16007,16041
2273,16007,49033
2289,16013,16023
2290,16013,16025
2294,16013,16063
2295,16013,16067
2300,16015,16045
2304,16017,16055
2306,16017,30053
2307,16017,30089
2308,16017,53051
2321,16023,16033
2324,16023,16059
2327,16025,16047
2328,16025,16063
2335,16029,16041
2346,16033,16043
2348,16033,16059
2349,16033,30001
2369,16041,49033
2372,16043,16065
2374,16043,30001
2375,16043,30031
2379,16045,16075
2384,16047,16063
2409,16059,30001
2410,16059,30081
2412,16061,16069
2414,16063,16067
2428,16073,32007
2430,16073,41045
2433,16075,41045
2462,17005,17051
2464,17005,17135
2473,17009,17017
2475,17009,17149
2476,17009,17169
2493,17015,17085
2495,17015,17177
2496,17015,17195
2504,17017,17169
2518,17023,17029
2519,17023,17033
2520,17023,17035
2521,17023,17045
2522,17023,17079
2524,17023,18167
2539,17029,17035
2541,17029,17045
2542,17029,17139
2543,17029,17173
2545,17031,17043
2546,17031,17089
2548,17031,17111
2549,17031,17197
2550,17031,18089
2552,17031,26021
2554,17033,17079
2555,17033,17101
2556,17033,17159
2557,17033,18083
2560,17035,17049
2561,17035,17079
2562,17035,17173
2564,17037,17089
2568,17037,17111
2570,17037,17201
2582,17043,17089
2584,17043,17197
2588,17045,18167
2590,17047,17159
2591,17047,17185
2595,17049,17051
2596,17049,17079
2597,17049,17173
2599,17051,17121
2600,17051,17135
2601,17051,17173
2611,17055,17081
2612,17055,17145
2613,17055,17165
2617,17057,17109
2620,17057,17169
2631,17061,17083
2634,17061,17149
2635,17061,17171
2640,17063,17105
2641,17063,17197
2649,17067,17109
2650,17067,17169
2651,17067,19111
2653,17067,29111
2684,17079,17159
2686,17081,17121
2687,17081,17145
2688,17081,17189
2695,17085,17177
2698,17085,55043
2699,17085,55065
2701,17087,17127
2702,17087,17151
2704,17087,17165
2705,17087,17181
2709,17089,17111
2736,17101,17159
2737,17101,17185
2738,17101,18083
2753,17109,17169
2757,17111,55127
2779,17121,17189
2784,17123,17175
2791,17127,17151
2793,17127,21139
2794,17127,21145
2801,17131,19115
2804,17133,17163
2805,17133,29099
2806,17133,29186
2810,17135,17173
2817,17139,17173
2828,17145,17189
2831,17149,17171
2833,17149,29163
2834,17149,29173
2836,17151,17165
2838,17151,21139
2850,17159,17185
2859,17163,17189
2861,17163,29510
2870,17177,17201
2871,17177,55045
2872,17177,55065
2877,17181,29031
2878,17181,29157
2886,17185,18083
2897,17197,18089
2900,17201,55045
2906,18001,18179
2940,18011,18097
2941,18011,18107
2950,18015,18067
2952,18015,18181
2961,18019,18077
2962,18019,18143
2963,18019,18175
2965,18019,21185
2981,18025,18037
2982,18025,18061
2983,18025,18117
2985,18025,18175
2986,18025,21163
2988,18027,18037
2990,18027,18083
2991,18027,18101
2992,18027,18125
3001,18031,18047
3003,18031,18137
3004,18031,18139
3009,18033,18151
3011,18033,39171
3013,18035,18053
3019,18037,18101
3020,18037,18117
3022,18037,18125
3023,18037,18147
3024,18037,18173
3050,18047,18137
3051,18047,18139
3052,18047,18161
3069,18053,18067
3070,18053,18069
3072,18053,18103
3074,18053,18169
3075,18053,18179
3091,18059,18097
3092,18059,18139
3095,18061,18175
3098,18061,21163
3110,18067,18103
3113,18069,18169
3114,18069,18179
3137,18077,18137
3138,18077,18143
3150,18083,18125
3153,18085,18099
3155,18085,18169
3171,18093,18101
3173,18093,18117
3174,18093,18175
3181,18099,18131
3182,18099,18141
3183,18099,18149
3185,18101,18117
3187,18103,18169
3207,18117,18175
3220,18125,18173
3226,18129,21101
3229,18131,18149
3230,18131,18181
3240,18141,18149
3241,18141,26021
3242,18141,26027
3244,18143,18175
3247,18147,18173
3248,18147,21059
3249,18147,21091
3252,18151,26023
3254,18151,39171
3266,18161,18177
3268,18161,39135
3280,18173,21059
3281,18173,21101
3284,18177,39037
3285,18177,39135
3290,19001,19003
3292,19001,19029
3293,19001,19049
3294,19001,19077
3295,19001,19121
3296,19001,19175
3298,19003,19029
3299,19003,19137
3301,19003,19159
3302,19003,19173
3303,19003,19175
3305,19005,19043
3306,19005,19065
3307,19005,19191
3308,19005,27055
3326,19011,19013
3332,19011,19171
3334,19013,19017
3336,19013,19023
3337,19013,19065
3339,19013,19171
3341,19015,19049
3342,19015,19073
3344,19015,19153
3349,19017,19023
3351,19017,19065
3352,19017,19067
3361,19021,19041
3365,19021,19151
3366,19021,19161
3368,19023,19033
3370,19023,19067
3373,19023,19083
3387,19029,19077
3388,19029,19137
3399,19033,19067
3401,19033,19081
3402,19033,19131
3405,19033,19197
3429,19041,19059
3430,19041,19063
3434,19041,19151
3438,19043,19065
3439,19043,19191
3441,19043,55043
3454,19049,19073
3455,19049,19077
3456,19049,19121
3457,19049,19153
3483,19059,19063
3498,19065,19191
3501,19067,19089
3502,19067,19131
3510,19071,19129
3511,19071,19137
3513,19071,29005
3514,19071,31025
3515,19071,31131
3517,19073,19077
3524,19077,19121
3535,19081,19197
3539,19083,19197
3547,19087,19101
3548,19087,19111
3549,19087,19115
3551,19087,19183
3553,19089,19131
3554,19089,19191
3556,19089,27099
3577,19099,19123
3578,19099,19125
3580,19099,19153
3583,19099,19171
3585,19101,19107
3588,19101,19183
3597,19107,19123
3600,19107,19183
3613,19115,19139
3614,19115,19183
3616,19117,19125
3617,19117,19135
3619,19117,19185
3629,19121,19153
3630,19121,19175
3633,19123,19125
3634,19123,19135
3638,19125,19135
3639,19125,19153
3646,19129,19137
3649,19129,31025
3650,19129,31153
3653,19131,27099
3660,19135,19185
3664,19137,19173
3666,19139,19163
3686,19151,19161
3699,19159,19173
3700,19159,19175
3712,19173,19175
3713,19173,29147
3734,19191,27055
3767,20007,20033
3768,20007,20077
3769,20007,20095
3770,20007,20097
3773,20007,40151
3775,20009,20053
3776,20009,20145
3777,20009,20159
3778,20009,20165
3780,20009,20185
3806,20019,20035
3807,20019,20049
3808,20019,20125
3810,20019,40147
3823,20025,20033
3824,20025,20057
3825,20025,20097
3826,20025,20119
3827,20025,40007
3841,20029,20201
3849,20033,20097
3851,20033,40151
3853,20035,20049
3854,20035,20173
3855,20035,20191
3856,20035,40071
3867,20039,20179
3868,20039,20193
3869,20039,31065
3872,20041,20061
3873,20041,20113
3874,20041,20115
3875,20041,20127
3879,20043,29003
3882,20043,31147
3885,20045,20087
3886,20045,20091
3887,20045,20103
3888,20045,20121
3890,20045,20177
3900,20049,20125
3904,20051,20141
3905,20051,20163
3906,20051,20165
3910,20053,20105
3911,20053,20113
3912,20053,20159
3926,20057,20083
3927,20057,20097
3928,20057,20119
3935,20061,20127
3937,20061,20197
3955,20067,20081
3956,20067,20093
3957,20067,20187
3958,20067,20189
3965,20071,20199
3976,20077,20095
3977,20077,20191
3981,20079,20113
3982,20079,20115
3983,20079,20155
3984,20079,20173
3986,20081,20093
3987,20081,20119
3989,20081,20189
3992,20083,20145
3994,20085,20087
3996,20085,20149
3997,20085,20177
3999,20087,20103
4000,20087,20177
4009,20091,20103
4010,20091,20121
4016,20093,20187
4020,20095,20155
4021,20095,20173
4022,20095,20191
4035,20103,29165
4038,20105,20141
4043,20107,20121
4045,20107,29217
4048,20109,20181
4049,20109,20193
4050,20109,20199
4053,20111,20127
4055,20111,20197
4057,20113,20115
4058,20113,20155
4059,20113,20159
4062,20115,20127
4073,20119,40007
4081,20125,20133
4084,20125,40147
4086,20127,20197
4112,20141,20163
4114,20141,20183
4118,20145,20165
4119,20145,20185
4121,20147,20163
4122,20147,20183
4123,20147,31061
4127,20149,20177
4128,20149,20197
4139,20155,20159
4140,20155,20173
4141,20155,20185
4148,20159,20185
4153,20163,20183
4162,20173,20191
4168,20177,20197
4170,20179,20193
4172,20181,20193
4173,20181,20199
4175,20183,31061
4176,20183,31181
4179,20187,20189
4184,20191,40071
4191,20201,31067
4192,20201,31095
4217,21005,21073
4219,21005,21179
4221,21005,21215
4223,21005,21239
4226,21007,21145
4231,21009,21169
4235,21011,21017
4236,21011,21069
4239,21011,21181
4259,21017,21181
4260,21017,21209
4265,21019,39087
4276,21023,21161
4278,21023,21201
4279,21023,39015
4297,21029,21179
4298,21029,21215
4308,21033,21055
4310,21033,21143
4312,21033,21233
4342,21045,21155
4345,21045,21217
4369,21053,21231
4370,21053,47027
4371,21053,47137
4373,21055,21139
4374,21055,21143
4376,21055,21233
4383,21059,21091
4384,21059,21101
4385,21059,21149
4407,21069,21161
4408,21069,21181
4409,21069,21201
4418,21073,21103
4419,21073,21187
4420,21073,21209
4422,21073,21239
4433,21079,21113
4435,21079,21151
4446,21083,21145
4447,21083,21157
4448,21083,47079
4449,21083,47183
4457,21087,21169
4458,21087,21217
4486,21101,21149
4488,21101,21233
4490,21103,21185
4491,21103,21187
4513,21113,21151
4515,21113,21239
4525,21119,21133
4527,21119,21193
4528,21119,21195
4537,21125,21147
4548,21129,21237
4552,21133,21193
4553,21133,21195
4554,21133,51195
4564,21139,21143
4565,21139,21145
4566,21139,21157
4574,21143,21157
4577,21145,21157
4580,21147,21231
4582,21147,47013
4583,21147,47151
4587,21149,21233
4594,21155,21179
4595,21155,21217
4604,21161,21201
4606,21161,39015
4632,21179,21215
4635,21181,21201
4641,21187,21209
4648,21195,51027
4650,21195,51195
4664,21209,21239
4684,21231,47137
4685,21231,47151
4699,22003,22011
4700,22003,22039
4701,22003,22053
4703,22003,22115
4721,22009,22029
4722,22009,22039
4724,22009,22077
4727,22009,22125
4729,22011,22019
4730,22011,22053
4731,22011,22115
4732,22011,48351
4755,22019,22053
4756,22019,48351
4760,22021,22041
4761,22021,22049
4763,22021,22073
4764,22021,22083
4765,22021,22127
4781,22029,22077
4782,22029,22107
4783,22029,22125
4785,22029,28157
4787,22031,22069
4788,22031,22081
4790,22031,48365
4811,22039,22053
4816,22041,22083
4817,22041,22107
4834,22049,22061
4835,22049,22073
4836,22049,22127
4841,22051,22089
4842,22051,22095
4844,22051,22105
4846,22053,22113
4860,22061,22073
4861,22061,22111
4877,22069,22081
4879,22069,22115
4880,22069,22127
4886,22073,22083
4887,22073,22111
4892,22077,22099
4894,22077,22125
4899,22083,22123
4907,22087,28045
4910,22089,22095
4911,22089,22105
4918,22095,22105
4931,22105,22117
4937,22107,28063
4943,22115,48351
4946,22117,28109
4948,22117,28147
4954,22125,28157
4969,23005,23023
4996,23019,23021
4997,23019,23025
4998,23019,23027
4999,23019,23029
5001,23021,23025
5004,23025,23027
5021,24003,24005
5023,24003,24027
5024,24003,24029
5025,24003,24033
5028,24003,24510
5030,24005,24013
5031,24005,24025
5032,24005,24027
5033,24005,24029
5034,24005,24510
5043,24011,24019
5047,24013,24021
5048,24013,24027
5049,24013,42001
5057,24017,24033
5058,24017,24037
5060,24017,51099
5063,24017,51193
5065,24019,24037
5070,24021,24027
5073,24021,42001
5074,24021,42055
5075,24021,51107
5081,24023,54077
5083,24025,24029
5088,24027,24033
5098,24033,51510
5104,24037,51193
5152,25011,33005
5153,25011,50003
5172,25023,25025
5179,26001,26007
5180,26001,26069
5181,26001,26119
5185,26003,26041
5186,26003,26083
5187,26003,26095
5188,26003,26103
5189,26003,26153
5191,26005,26015
5192,26005,26077
5194,26005,26139
5199,26007,26119
5201,26007,26141
5210,26011,26017
5213,26011,26069
5218,26013,26103
5222,26015,26067
5223,26015,26077
5228,26017,26111
5232,26019,26055
5234,26019,26101
5235,26019,26165
5236,26019,55029
5237,26019,55061
5239,26021,26027
5244,26023,26077
5245,26023,26149
5253,26027,26077
5254,26027,26149
5257,26029,26031
5258,26029,26047
5260,26029,26097
5261,26029,26137
5262,26029,26153
5264,26031,26047
5265,26031,26097
5266,26031,26119
5267,26031,26137
5268,26031,26141
5270,26033,26095
5271,26033,26097
5272,26033,26141
5277,26035,26111
5279,26035,26133
5280,26035,26143
5289,26039,26079
5291,26039,26119
5294,26039,26137
5295,26039,26143
5298,26041,26103
5300,26041,26153
5301,26041,55029
5304,26043,26103
5306,26043,55037
5313,26047,26097
5315,26049,26087
5316,26049,26093
5333,26055,26079
5335,26055,26101
5337,26055,26165
5339,26057,26067
5341,26057,26111
5381,26075,26091
5382,26075,26093
5383,26075,26161
5385,26077,26149
5389,26079,26137
5390,26079,26143
5391,26079,26165
5398,26083,26103
5402,26085,26101
5403,26085,26105
5405,26085,26123
5406,26085,26127
5407,26085,26133
5408,26085,26165
5413,26087,26151
5419,26091,26115
5420,26091,26161
5426,26093,26161
5428,26095,26097
5429,26095,26153
5431,26097,26141
5432,26097,26153
5438,26101,26105
5439,26101,26165
5440,26101,55061
5441,26101,55071
5445,26105,26123
5446,26105,26127
5447,26105,55071
5463,26115,26161
5464,26115,26163
5470,26119,26137
5471,26119,26141
5479,26123,26127
5480,26123,26133
5485,26127,55089
5494,26133,26165
5518,26161,26163
5531,27003,27025
5534,27003,27123
5536,27003,27163
5546,27007,27021
5547,27007,27029
5548,27007,27057
5552,27007,27089
5553,27007,27113
5562,27011,27149
5563,27011,27151
5564,27011,27155
5565,27011,46051
5566,27011,46109
5568,27013,27015
5569,27013,27043
5570,27013,27079
5587,27019,27085
5589,27019,27143
5593,27021,27057
5595,27021,27097
5606,27025,27065
5607,27025,27115
5608,27025,27163
5618,27029,27057
5620,27029,27113
5621,27029,27119
5637,27037,27123
5638,27037,27131
5640,27037,27163
5644,27039,27099
5646,27039,27131
5649,27041,27051
5653,27041,27149
5656,27043,27047
5665,27047,27099
5677,27051,27149
5678,27051,27155
5679,27051,27167
5686,27055,27169
5704,27065,27095
5705,27065,27115
5713,27069,27089
5725,27075,27137
5726,27075,55003
5727,27075,55007
5728,27075,55031
5733,27079,27131
5735,27079,27143
5745,27083,27101
5752,27085,27143
5758,27089,27113
5759,27089,27119
5761,27089,38035
5771,27095,27097
5780,27101,27105
5783,27101,27133
5788,27105,27133
5801,27113,27119
5805,27115,55031
5813,27119,38035
5814,27119,38097
5820,27123,27163
5833,27133,46099
5834,27133,46101
5837,27137,55031
5850,27149,27151
5851,27149,27155
5856,27155,27167
5857,27155,38077
5858,27155,46109
5860,27157,27169
5861,27157,55011
5862,27157,55091
5871,27167,38077
5873,27169,55011
5897,28007,28019
5898,28007,28051
5899,28007,28079
5900,28007,28089
5916,28013,28017
5919,28013,28115
5921,28013,28161
5928,28017,28025
5930,28017,28095
5931,28017,28115
5944,28023,28061
5945,28023,28075
5950,28025,28095
5960,28029,28063
5962,28029,28085
5964,28029,28127
5978,28035,28067
5980,28035,28109
6003,28045,28109
6017,28051,28083
6018,28051,28089
6033,28057,28095
6034,28057,28117
6035,28057,28141
6039,28061,28067
6040,28061,28075
6043,28061,28129
6046,28063,28085
6051,28065,28127
6054,28067,28129
6081,28079,28089
6096,28085,28147
6142,28115,28145
6144,28117,28139
6145,28117,28141
6146,28117,28145
6149,28119,28143
6160,28127,28129
6171,28139,28145
6198,29003,29075
6200,29003,29147
6203,29005,29147
6205,29005,31131
6207,29007,29019
6211,29007,29163
6212,29007,29173
6215,29009,29109
6216,29009,29119
6218,29009,29209
6237,29017,29031
6239,29017,29157
6240,29017,29207
6244,29019,29051
6257,29023,29207
6265,29025,29177
6278,29031,29157
6280,29031,29207
6298,29039,29057
6299,29039,29167
6301,29039,29217
6306,29041,29121
6308,29041,29195
6330,29051,29131
6340,29055,29065
6341,29055,29071
6342,29055,29073
6344,29055,29161
6349,29057,29109
6350,29057,29167
6367,29065,29161
6368,29065,29179
6370,29065,29215
6383,29071,29073
6384,29071,29099
6387,29071,29219
6393,29073,29161
6394,29073,29219
6397,29075,29147
6445,29099,29186
6450,29101,29107
6453,29103,29111
6454,29103,29121
6455,29103,29199
6464,29107,29177
6465,29107,29195
6468,29109,29209
6474,29113,29163
6476,29113,29219
6484,29119,40041
6508,29131,29141
6527,29143,29155
6529,29143,29207
6540,29153,29213
6545,29157,29186
6551,29161,29215
6553,29163,29173
6592,29209,29213
6596,29215,29229
6609,30001,30081
6615,30003,30103
6617,30003,56003
6669,30021,30109
6678,30025,30109
6679,30025,38011
6680,30025,38033
6682,30025,46063
6691,30029,30035
6692,30029,30047
6694,30029,30053
6695,30029,30063
6698,30029,30089
6699,30029,30099
6701,30031,30043
6703,30031,30059
6705,30031,56029
6719,30037,30095
6721,30037,30107
6735,30045,30059
6736,30045,30107
6738,30047,30063
6739,30047,30089
6748,30053,30089
6759,30059,30107
6761,30061,30063
6762,30061,30089
6765,30063,30081
6766,30063,30089
6798,30085,30091
6799,30085,30105
6800,30085,38053
6807,30091,38023
6822,30109,38033
6823,30109,38053
6836,31003,31119
6838,31003,31183
6841,31005,31075
6848,31007,31123
6849,31007,31157
6851,31007,56021
6866,31013,31045
6867,31013,31123
6868,31013,31157
6869,31013,31161
6870,31013,31165
6873,31015,31103
6875,31015,31149
6877,31015,46053
6884,31019,31041
6885,31019,31047
6888,31019,31099
6890,31019,31163
6893,31021,31053
6895,31021,31177
6897,31023,31037
6898,31023,31053
6901,31023,31143
6902,31023,31155
6904,31023,31185
6907,31025,31131
6908,31025,31153
6909,31025,31155
6914,31027,31179
6915,31027,46027
6916,31027,46135
6919,31029,31085
6944,31037,31053
6946,31037,31167
6953,31041,31047
6955,31041,31111
6957,31041,31115
6958,31041,31163
6959,31041,31175
6965,31045,31161
6966,31045,31165
6970,31047,31063
6972,31047,31111
6985,31053,31155
6986,31053,31177
6995,31059,31095
6996,31059,31129
7000,31059,31185
7003,31061,31099
7005,31061,31181
7007,31063,31065
7009,31063,31085
7011,31063,31111
7019,31067,31095
7022,31067,31131
7023,31067,31133
7039,31075,31161
7059,31085,31111
7086,31099,31181
7092,31103,31149
7093,31103,46053
7116,31115,31149
7122,31119,31167
7123,31119,31179
7129,31123,31157
7130,31123,31161
7139,31129,31181
7142,31133,31147
7153,31143,31185
7162,31153,31155
7165,31157,31165
7172,31163,31175
7178,31167,31179
7184,31175,31183
7192,32001,32019
7193,32001,32021
7196,32001,32031
7204,32007,32011
7207,32007,32033
7208,32007,49003
7211,32009,32021
7216,32011,32033
7228,32017,32033
7229,32017,49001
7230,32017,49021
7231,32017,49027
7232,32017,49053
7234,32019,32021
7236,32019,32031
7249,32031,41025
7252,32033,49023
7253,32033,49027
7257,33001,33003
7258,33001,33009
7259,33001,33013
7260,33001,33017
7263,33003,33009
7264,33003,33017
7266,33005,33011
7267,33005,33019
7273,33009,33013
7274,33009,33019
7278,33009,50027
7280,33011,33013
7282,33011,33019
7285,33013,33017
7286,33013,33019
7292,33019,50027
7301,34003,34013
7302,34003,34017
7305,34003,36061
7306,34003,36087
7309,34005,34007
7310,34005,34021
7313,34005,42017
7314,34005,42101
7317,34007,42101
7324,34013,34017
7335,34017,36061
7336,34017,36085
7347,34021,42017
7379,34041,42017
7380,34041,42089
7391,35003,35051
7406,35007,35021
7407,35007,35033
7408,35007,35055
7411,35009,35037
7412,35009,35041
7413,35009,48017
7415,35009,48369
7442,35021,35033
7443,35021,35037
7447,35023,35029
7449,35025,35041
7451,35025,48079
7452,35025,48165
7453,35025,48301
7462,35028,35039
7464,35028,35049
7466,35029,35051
7471,35033,35039
7473,35033,35049
7474,35033,35055
7481,35037,35041
7485,35037,48205
7486,35037,48359
7490,35039,35049
7491,35039,35055
7493,35041,48017
7494,35041,48079
7504,35049,35057
7512,35057,35061
7546,36009,36029
7547,36009,36121
7548,36009,42083
7590,36025,36039
7592,36025,36095
7594,36025,36111
7603,36029,36121
7605,36031,36033
7608,36031,36115
7609,36031,50001
7610,36031,50007
7613,36033,36089
7626,36039,36083
7627,36039,36095
7628,36039,36111
7641,36045,36049
7642,36045,36075
7643,36045,36089
7649,36049,36065
7650,36049,36075
7651,36049,36089
7668,36057,36091
7669,36057,36093
7670,36057,36095
7676,36061,36081
7680,36065,36075
7685,36069,36099
7686,36069,36101
7688,36069,36123
7703,36081,36085
7705,36083,36091
7706,36083,36115
7707,36083,50003
7713,36091,36093
7715,36091,36115
7717,36093,36095
7720,36097,36099
7721,36097,36101
7723,36097,36123
7727,36099,36123
7729,36101,36123
7747,36115,50001
7748,36115,50003
7749,36115,50021
7755,37001,37033
7756,37001,37037
7763,37003,37035
7773,37007,37153
7774,37007,37167
7776,37007,45025
7777,37007,45069
7804,37015,37187
7806,37017,37047
7807,37017,37051
7808,37017,37141
7809,37017,37155
7810,37017,37163
7812,37019,37047
7814,37019,37141
7818,37021,37089
7820,37021,37115
7841,37029,37053
7842,37029,37073
7844,37029,37177
7845,37029,51550
7857,37033,51083
7859,37033,51590
7866,37037,37105
7867,37037,37125
7885,37045,37071
7888,37045,45021
7889,37045,45091
7891,37047,37141
7892,37047,37155
7897,37049,37107
7898,37049,37137
7903,37051,37125
7904,37051,37155
7905,37051,37163
7908,37053,37177
7909,37053,51550
7920,37057,37159
7921,37057,37167
7942,37065,37127
7961,37071,37119
7962,37071,45091
7971,37075,37173
7972,37075,47009
7973,37075,47123
7981,37079,37107
7983,37079,37191
8012,37089,45045
8022,37095,37137
8023,37095,37177
8024,37095,37187
8033,37099,37173
8035,37099,45073
8037,37101,37127
8038,37101,37163
8040,37101,37191
8046,37105,37125
8049,37107,37191
8061,37115,47029
8062,37115,47059
8063,37115,47171
8070,37119,45091
8083,37125,37153
8084,37125,37165
8097,37133,37141
8105,37141,37163
8119,37153,37165
8120,37153,37167
8121,37153,45025
8122,37153,45069
8124,37155,37165
8127,37155,45069
8133,37159,37167
8138,37163,37191
8140,37165,45069
8154,37173,47009
8161,37177,37187
8175,37189,47091
8214,38009,38049
8217,38009,38079
8220,38011,46063
8222,38013,38023
8223,38013,38061
8225,38013,38101
8228,38015,38029
8229,38015,38043
8230,38015,38055
8232,38015,38065
8233,38015,38083
8247,38021,38073
8249,38021,46013
8250,38021,46089
8265,38029,38043
8269,38029,38085
8270,38029,46021
8277,38033,38053
8280,38035,38063
8282,38035,38097
8285,38037,38041
8287,38037,38085
8298,38043,38083
8299,38043,38093
8310,38049,38055
8313,38049,38083
8314,38049,38101
8319,38053,38061
8322,38055,38057
8323,38055,38061
8324,38055,38065
8325,38055,38083
8326,38055,38101
8329,38057,38065
8336,38061,38101
8354,38073,38077
8360,38077,46091
8361,38077,46109
8363,38079,38095
8397,39005,39075
8399,39005,39083
8400,39005,39093
8401,39005,39103
8403,39005,39169
8420,39011,39091
8427,39013,39081
8428,39013,39111
8429,39013,39121
8435,39015,39071
8444,39019,39081
8445,39019,39151
8446,39019,39157
8448,39021,39023
8449,39021,39091
8450,39021,39097
8456,39023,39097
8477,39031,39075
8478,39031,39083
8481,39031,39157
8490,39035,39055
8491,39035,39085
8492,39035,39093
8493,39035,39103
8495,39035,39153
8500,39037,39135
8509,39041,39083
8511,39041,39101
8512,39041,39117
8521,39045,39073
8541,39053,39079
8542,39053,39087
8544,39053,39163
8546,39053,54053
8548,39055,39085
8550,39055,39153
8551,39055,39155
8584,39071,39131
8585,39071,39141
8589,39073,39141
8590,39073,39163
8592,39075,39083
8593,39075,39151
8594,39075,39157
8595,39075,39169
8602,39079,39087
8603,39079,39131
8604,39079,39141
8605,39079,39145
8606,39079,39163
8608,39081,54009
8613,39083,39117
8617,39087,39145
8627,39093,39103
8641,39101,39117
8645,39103,39153
8646,39103,39169
8659,39111,39121
8660,39111,39167
8662,39111,54095
8663,39111,54103
8678,39121,39167
8680,39123,39143
8681,39123,39173
8683,39125,39137
8689,39131,39141
8690,39131,39145
8698,39137,39173
8701,39141,39163
8704,39143,39173
8711,39151,39153
8712,39151,39157
8713,39151,39169
8715,39153,39169
8718,39155,42085
8726,39167,54095
8734,40001,40041
8743,40005,40023
8745,40005,40069
8746,40005,40121
8752,40007,48295
8764,40011,40015
8765,40011,40017
8767,40011,40043
8768,40011,40073
8769,40011,40093
8778,40015,40017
8779,40015,40031
8781,40015,40051
8786,40017,40051
8787,40017,40073
8789,40017,40087
8790,40017,40109
8806,40023,40089
8808,40023,48277
8809,40023,48387
8824,40031,40033
8825,40031,40051
8833,40033,48077
8842,40037,40081
8844,40037,40111
8845,40037,40117
8846,40037,40119
8857,40043,40093
8858,40043,40129
8859,40043,40153
8880,40051,40087
8889,40057,40065
8891,40057,48087
8897,40061,40077
8898,40061,40079
8899,40061,40091
8901,40061,40121
8913,40065,48487
8922,40069,40123
8924,40071,40103
8928,40073,40093
8929,40073,40109
8934,40077,40079
8935,40077,40121
8938,40079,40089
8944,40081,40109
8945,40081,40119
8946,40081,40125
8957,40087,40123
8958,40087,40125
8961,40089,48037
8962,40089,48387
8966,40091,40111
8967,40091,40121
8969,40093,40151
8970,40093,40153
8984,40103,40117
8985,40103,40119
8994,40109,40125
9004,40117,40119
9010,40123,40125
9017,40129,48483
9039,40151,40153
9053,41005,41047
9073,41011,41019
9077,41013,41025
9078,41013,41031
9093,41019,41035
9110,41025,41045
9120,41031,41043
9121,41031,41047
9136,41043,41047
9182,42001,42055
9185,42003,42005
9186,42003,42007
9187,42003,42019
9189,42003,42129
9191,42005,42019
9192,42005,42031
9193,42005,42063
9195,42005,42129
9197,42007,42019
9198,42007,42073
9202,42009,42013
9205,42009,42061
9216,42013,42027
9218,42013,42061
9221,42015,42113
9222,42015,42115
9229,42017,42101
9231,42019,42031
9232,42019,42073
9233,42019,42085
9234,42019,42121
9249,42025,42089
9254,42027,42035
9255,42027,42061
9256,42027,42087
9257,42027,42119
9259,42029,42045
9265,42031,42121
9274,42035,42119
9302,42045,42101
9323,42055,42061
9324,42055,42067
9334,42061,42067
9335,42061,42087
9338,42063,42129
9341,42067,42087
9342,42067,42097
9344,42067,42109
9347,42069,42089
9348,42069,42115
9355,42073,42085
9378,42085,42121
9380,42087,42109
9381,42087,42119
9384,42089,42103
9389,42093,42097
9394,42097,42109
9395,42097,42119
9404,42109,42119
9441,45001,45045
9443,45001,45059
9452,45005,45009
9453,45005,45011
9454,45005,45029
9462,45009,45011
9463,45009,45029
9473,45015,45019
9474,45015,45027
9475,45015,45035
9476,45015,45043
9486,45019,45029
9487,45019,45035
9488,45019,45043
9490,45021,45083
9492,45021,45091
9497,45023,45091
9500,45025,45055
9502,45025,45069
9509,45029,45035
9545,45045,45059
9547,45045,45083
9560,45055,45061
9567,45059,45083
9606,46005,46025
9607,46005,46059
9608,46005,46073
9610,46005,46111
9611,46005,46115
9619,46009,46067
9620,46009,46135
9628,46013,46037
9630,46013,46049
9631,46013,46089
9632,46013,46091
9633,46013,46115
9645,46019,46063
9646,46019,46081
9647,46019,46093
9649,46019,56011
9652,46021,46089
9660,46025,46029
9661,46025,46037
9662,46025,46057
9664,46025,46115
9668,46027,46127
9669,46027,46135
9671,46029,46037
9672,46029,46039
9673,46029,46051
9674,46029,46057
9689,46035,46067
9690,46035,46111
9692,46037,46051
9693,46037,46091
9694,46037,46109
9695,46037,46115
9697,46039,46051
9698,46039,46057
9717,46049,46059
9719,46049,46107
9720,46049,46115
9722,46051,46109
9729,46055,46093
9730,46055,46103
9731,46055,46117
9732,46055,46137
9737,46059,46073
9738,46059,46115
9749,46065,46117
9752,46067,46087
9754,46067,46135
9766,46073,46111
9781,46081,46093
9782,46081,46103
9783,46081,56011
9784,46081,56045
9795,46087,46099
9800,46091,46109
9802,46093,46103
9804,46093,46137
9811,46099,46101
9816,46103,56045
9828,46117,46137
9840,47001,47013
9841,47001,47093
9842,47001,47129
9843,47001,47145
9844,47001,47151
9845,47001,47173
9847,47003,47031
9853,47005,47017
9854,47005,47039
9855,47005,47079
9864,47007,47153
9867,47009,47093
9869,47009,47123
9878,47013,47151
9879,47013,47173
9881,47015,47031
9884,47015,47177
9885,47015,47189
9887,47017,47039
9890,47017,47079
9891,47017,47113
9892,47017,47183
9903,47021,47187
9919,47027,47137
9921,47029,47059
9930,47031,47177
9934,47033,47075
9936,47033,47113
9975,47047,47075
9976,47047,47157
9977,47047,47167
9979,47049,47129
9981,47049,47137
9982,47049,47141
9983,47049,47151
10000,47057,47067
10003,47057,47093
10004,47057,47173
10008,47059,47171
10024,47067,51105
10040,47075,47113
10041,47075,47167
10046,47079,47183
10050,47081,47119
10052,47081,47187
10068,47091,47163
10070,47091,51191
10073,47093,47145
10075,47093,47173
10082,47099,47119
10107,47115,47153
10113,47119,47187
10116,47121,47145
10118,47123,47139
10124,47129,47145
10125,47129,47151
10134,47137,47151
10138,47141,47185
10150,47153,47177
10153,47157,47167
10161,47163,51191
10176,47177,47185
10184,48001,48073
10185,48001,48161
10186,48001,48213
10187,48001,48225
10188,48001,48289
10219,48011,48065
10221,48011,48179
10222,48011,48375
10224,48011,48437
10226,48013,48029
10228,48013,48255
10231,48013,48311
10235,48015,48089
10236,48015,48149
10242,48017,48079
10244,48017,48279
10245,48017,48369
10247,48019,48029
10248,48019,48259
10251,48019,48385
10252,48019,48463
10275,48027,48099
10279,48027,48331
10282,48029,48091
10283,48029,48187
10284,48029,48259
10298,48033,48227
10299,48033,48305
10304,48035,48099
10305,48035,48143
10307,48035,48217
10310,48035,48425
10313,48037,48343
10314,48037,48387
10348,48049,48059
10354,48049,48411
10356,48051,48287
10357,48051,48331
10367,48055,48149
10369,48055,48187
10371,48055,48453
10380,48059,48253
10394,48065,48179
10395,48065,48233
10397,48065,48375
10406,48069,48279
10407,48069,48369
10409,48069,48437
10411,48071,48167
10416,48073,48213
10417,48073,48225
10418,48073,48347
10419,48073,48401
10427,48077,48237
10428,48077,48337
10432,48079,48279
10448,48085,48121
10450,48085,48181
10455,48087,48179
10457,48087,48483
10459,48089,48149
10460,48089,48239
10464,48091,48187
10466,48091,48259
10495,48103,48105
10497,48103,48371
10499,48103,48475
10501,48105,48235
10502,48105,48371
10503,48105,48383
10504,48105,48413
10506,48105,48443
10510,48107,48125
10515,48107,48303
10516,48107,48305
10517,48107,48345
10545,48119,48159
10548,48119,48277
10549,48119,48387
10551,48121,48181
10552,48121,48439
10555,48123,48175
10557,48123,48255
10559,48123,48469
10564,48125,48269
10565,48125,48345
10566,48125,48433
10582,48131,48311
10613,48143,48221
10615,48143,48425
10628,48149,48287
10631,48151,48253
10634,48151,48353
10636,48151,48433
10654,48159,48387
10656,48159,48499
10658,48161,48213
10659,48161,48289
10661,48161,48349
10685,48173,48227
10687,48173,48329
10688,48173,48383
10692,48175,48255
10694,48175,48469
10703,48179,48483
10707,48183,48401
10730,48195,48233
10755,48205,48359
10758,48207,48253
10759,48207,48269
10760,48207,48275
10762,48207,48433
10771,48213,48257
10772,48213,48349
10777,48215,48427
10783,48217,48349
10794,48221,48425
10800,48225,48289
10821,48235,48383
10822,48235,48413
10823,48235,48451
10825,48237,48337
10832,48239,48321
10833,48239,48469
10842,48243,48371
10843,48243,48377
10844,48243,48389
10862,48253,48353
10864,48253,48433
10890,48269,48275
10891,48269,48345
10892,48269,48433
10899,48273,48355
10901,48275,48433
10904,48277,48387
10906,48279,48303
10907,48279,48369
10917,48287,48331
10939,48299,48319
10940,48299,48411
10942,48301,48389
10943,48301,48475
10946,48303,48305
10961,48315,48343
10966,48319,48327
10967,48319,48411
10978,48327,48413
10980,48327,48451
10982,48329,48383
11004,48343,48387
11009,48347,48401
11017,48353,48399
11025,48359,48375
11033,48365,48401
11040,48371,48389
11041,48371,48443
11042,48371,48475
11052,48379,48499
11057,48383,48451
11060,48385,48463
11064,48389,48475
11074,48399,48451
11090,48413,48451
11163,49001,49021
11164,49001,49027
11165,49001,49031
11182,49009,49013
11184,49009,49047
11185,49009,56037
11193,49013,49047
11201,49015,49047
11202,49015,49055
11214,49021,49025
11215,49021,49053
11217,49023,49027
11223,49025,49053
11234,49031,49055
11239,49033,56041
11267,50001,50007
11269,50001,50021
11270,50001,50023
11271,50001,50027
11273,50003,50021
11275,50003,50027
11283,50007,50011
11284,50007,50013
11286,50007,50023
11290,50011,50013
11292,50011,50019
11302,50021,50027
11326,51005,51045
11327,51005,51163
11332,51007,51041
11333,51007,51049
11337,51007,51147
11340,51009,51019
11342,51009,51125
11343,51009,51163
11353,51013,51510
11372,51019,51067
11375,51019,51163
11397,51027,51167
11420,51035,51063
11425,51035,51640
11434,51037,51083
11435,51037,51111
11437,51037,51147
11440,51041,51075
11443,51041,51149
11444,51041,51570
11446,51041,51730
11468,51049,51065
11469,51049,51075
11471,51049,51147
11501,51063,51067
11507,51065,51075
11515,51069,51171
11517,51069,51840
11520,51069,54031
11522,51069,54065
11572,51091,54071
11573,51091,54075
11584,51095,51181
11594,51099,51193
11603,51105,51195
11613,51111,51147
11620,51115,51131
11631,51125,51163
11637,51131,51735
11657,51149,51181
11658,51149,51183
11660,51149,51730
11676,51163,51530
11687,51167,51191
11688,51167,51195
11694,51171,54031
11710,51181,51183
11721,51195,51720
11739,51570,51730
11799,53007,53017
11800,53007,53033
11801,53007,53037
11810,53011,53059
11822,53017,53037
11830,53021,53071
11840,53027,53031
11843,53027,53049
11846,53029,53031
11857,53033,53037
11869,53039,53059
11890,53049,53069
11938,54007,54101
11959,54017,54033
11961,54017,54085
11962,54017,54095
11963,54017,54103
11994,54031,54071
11997,54033,54049
11998,54033,54091
11999,54033,54097
12000,54033,54103
12019,54043,54045
12021,54043,54079
12025,54045,54109
12032,54049,54091
12033,54049,54103
12038,54053,54079
12058,54071,54075
12066,54075,54101
12068,54077,54091
12079,54085,54095
12088,54095,54103
12090,54097,54101
12107,55003,55007
12108,55003,55051
12113,55005,55017
12116,55005,55107
12119,55005,55129
12121,55007,55031
12123,55007,55129
12125,55009,55015
12126,55009,55029
12127,55009,55061
12128,55009,55071
12129,55009,55083
12130,55009,55087
12131,55009,55115
12134,55011,55091
12142,55015,55071
12143,55015,55087
12145,55015,55139
12147,55017,55019
12150,55017,55107
12155,55019,55073
12161,55021,55047
12162,55021,55057
12164,55021,55111
12183,55029,55061
12185,55029,55083
12188,55031,55129
12200,55037,55041
12208,55041,55067
12210,55041,55083
12211,55041,55085
12214,55043,55049
12215,55043,55065
12216,55043,55103
12218,55045,55049
12219,55045,55065
12224,55047,55139
12226,55049,55065
12227,55049,55103
12228,55049,55111
12243,55057,55081
12244,55057,55111
12251,55061,55071
12259,55067,55073
12260,55067,55078
12261,55067,55083
12262,55067,55085
12263,55067,55115
12272,55073,55097
12273,55073,55115
12282,55078,55083
12283,55078,55115
12292,55083,55115
12297,55087,55115
12299,55087,55139
12303,55089,55133
12311,55097,55115
12324,55103,55111
12331,55107,55129
12346,55127,55133
12360,56001,56009
12361,56001,56021
12362,56001,56031
12365,56003,56029
12367,56003,56043
12381,56009,56025
12383,56009,56031
12384,56009,56045
12386,56011,56045
12400,56017,56029
12401,56017,56043
12407,56021,56031
12414,56025,56043
12420,56029,56043
12427,56037,56041
5,1101,1001
8,1053,1003
9,1097,1003
11,1129,1003
12,12033,1003
15,1045,1005
16,1067,1005
17,1109,1005
53,1121,1015
76,1119,1023
77,1129,1023
78,28023,1023
79,28075,1023
88,1037,1027
90,1121,1027
101,1045,1031
103,1109,1031
115,1117,1037
116,1121,1037
131,1103,1043
132,1127,1043
136,1067,1045
137,1069,1045
138,1109,1045
146,1071,1049
148,13055,1049
157,12033,1053
159,12113,1053
164,1075,1057
168,1127,1057
173,28057,1059
174,28141,1059
191,1069,1067
193,13099,1067
195,12063,1069
196,13099,1069
197,13253,1069
199,1089,1071
203,47115,1071
206,1117,1073
208,1127,1073
213,28095,1075
246,1103,1089
261,1129,1097
263,28041,1097
264,28059,1097
268,1109,1101
290,1121,1117
293,28075,1119
302,28041,1129
388,4011,4001
390,8083,4001
391,35003,4001
403,4007,4005
407,49025,4005
421,35003,4011
423,35023,4011
456,5041,5001
460,5095,5001
472,5065,5005
473,5089,5005
474,5129,5005
476,29153,5005
487,5089,5009
489,5129,5009
490,29213,5009
497,5025,5013
498,5039,5013
499,5103,5013
517,5039,5019
518,5059,5019
521,5103,5019
522,5109,5019
533,5141,5023
534,5145,5023
536,5039,5025
537,5043,5025
556,5067,5031
562,5047,5033
563,5087,5033
565,5143,5033
566,40001,5033
585,5059,5039
586,5103,5039
588,5043,5041
591,28011,5041
602,5083,5047
603,5087,5047
612,5059,5051
615,5125,5051
627,5061,5057
628,5073,5057
629,5081,5057
632,5109,5057
635,5125,5059
637,5081,5061
639,5109,5061
640,5113,5061
650,5135,5065
655,5145,5067
656,5147,5067
675,5095,5077
678,28143,5077
683,40089,5081
684,48037,5081
686,5115,5083
687,5127,5083
696,5143,5087
698,5129,5089
699,29153,5089
700,29213,5089
718,5147,5095
741,5113,5109
744,5127,5113
746,40079,5113
747,40089,5113
749,5129,5115
750,5141,5115
758,5135,5121
759,29149,5121
767,40079,5127
770,5141,5129
777,29149,5135
786,40001,5143
788,5147,5145
811,6011,6007
812,6021,6007
813,6063,6007
818,6077,6009
819,6099,6009
820,6109,6009
822,6021,6011
823,6033,6011
825,6113,6011
830,6077,6013
831,6095,6013
834,6023,6015
852,6033,6021
864,6051,6027
865,6071,6027
868,32009,6027
879,6053,6031
880,6079,6031
886,6113,6033
888,6049,6035
889,6063,6035
892,32031,6035
894,6059,6037
895,6071,6037
921,32031,6049
922,41035,6049
925,6109,6051
927,32009,6051
928,32019,6051
929,32021,6051
931,6069,6053
932,6079,6053
945,6071,6059
952,32031,6061
976,6099,6077
978,6083,6079
1002,6113,6095
1005,6109,6099
1027,8023,8003
1029,8105,8003
1030,8109,8003
1040,8053,8007
1041,8067,8007
1042,8079,8007
1043,8105,8007
1044,35039,8007
1048,8071,8009
1051,20187,8009
1068,8123,8014
1077,8061,8017
1080,20071,8017
1081,20199,8017
1083,8047,8019
1087,8117,8019
1095,8071,8023
1096,35007,8023
1097,35055,8023
1116,8067,8033
1117,8083,8033
1118,8111,8033
1119,8113,8033
1144,8109,8043
1162,8053,8051
1164,8085,8051
1167,8109,8051
1169,8067,8053
1170,8079,8053
1172,8109,8053
1173,8111,8053
1181,56001,8057
1188,8089,8061
1190,20071,8061
1203,8083,8067
1204,8111,8067
1211,8089,8071
1213,35007,8071
1220,8095,8075
1223,8123,8075
1224,8125,8075
1233,8105,8079
1234,8109,8079
1236,8103,8081
1238,49009,8081
1239,49047,8081
1241,56037,8081
1243,8111,8083
1248,8113,8085
1264,8125,8095
1265,31029,8095
1275,49047,8103
1277,8109,8105
1282,8113,8111
1295,56021,8123
1298,31029,8125
1301,9005,9001
1302,9009,9001
1306,36103,9001
1309,9005,9003
1311,9009,9003
1312,9011,9003
1313,9013,9003
1316,9009,9005
1325,36103,9009
1327,9013,9011
1329,36103,9011
1351,24029,10003
1353,34033,10003
1354,42029,10003
1355,42045,10003
1357,24011,10005
1358,24019,10005
1364,24033,11001
1365,51013,11001
1367,51510,11001
1369,12007,12001
1371,12041,12001
1372,12075,12001
1373,12083,12001
1374,12107,12001
1377,12007,12003
1380,12031,12003
1381,12089,12003
1383,13049,12003
1384,13065,12003
1385,13299,12003
1389,12063,12005
1390,12131,12005
1391,12133,12005
1394,12107,12007
1400,12117,12009
1401,12127,12009
1403,12021,12011
1421,12075,12017
1422,12083,12017
1423,12119,12017
1447,12041,12029
1449,12075,12029
1450,12123,12029
1452,12089,12031
1455,12113,12033
1457,12107,12035
1459,12127,12035
1473,12075,12041
1474,12121,12041
1477,12055,12043
1509,12101,12057
1513,12063,12059
1514,12131,12059
1515,12133,12059
1522,12133,12063
1523,13253,12063
1536,12083,12069
1540,12117,12069
1541,12119,12069
1542,12127,12069
1550,12083,12075
1554,12121,12079
1555,12123,12079
1557,13185,12079
1562,12107,12083
1563,12119,12083
1564,12127,12083
1574,13049,12089
1594,12119,12101
1600,12127,12107
1606,12127,12117
1614,12133,12131
1631,13161,13005
1633,13299,13005
1636,13087,13007
1638,13099,13007
1639,13201,13007
1678,13155,13019
1679,13173,13019
1680,13185,13019
1681,13277,13019
1697,13049,13025
1700,13299,13025
1701,13305,13025
1715,13103,13031
1716,13107,13031
1719,13251,13031
1721,13107,13033
1725,13251,13033
1727,45005,13033
1728,45011,13033
1752,13097,13045
1753,13121,13045
1762,13299,13049
1764,13103,13051
1771,13263,13053
1773,13115,13055
1776,13067,13057
1779,13121,13057
1783,13157,13059
1784,13195,13059
1786,13221,13059
1798,13101,13065
1799,13173,13065
1800,13299,13065
1802,13097,13067
1803,13121,13067
1834,13193,13079
1836,13225,13079
1859,13201,13087
1861,13253,13087
1863,13121,13089
1864,13135,13089
1865,13151,13089
1866,13247,13089
1875,13193,13093
1878,13315,13093
1885,13121,13097
1888,13201,13099
1889,13253,13099
1891,13173,13101
1892,13185,13101
1894,13251,13103
1900,13195,13105
1901,13221,13105
1902,13317,13105
1903,45001,13105
1909,13167,13107
1910,13175,13107
1921,13291,13111
1923,47139,13111
1925,13121,13113
1929,13233,13115
1941,13135,13121
1963,13141,13133
1966,13221,13133
1971,13157,13135
1972,13247,13135
1973,13297,13135
1978,13281,13137
1980,45073,13137
1988,13301,13141
1989,13303,13141
2006,13247,13151
2014,13277,13155
2015,13287,13155
2017,13195,13157
2027,13271,13161
2029,13309,13161
2039,13175,13167
2041,13303,13167
2054,13185,13173
2058,13309,13175
2087,13225,13193
2092,13221,13195
2107,13253,13201
2136,13317,13221
2163,13273,13243
2164,13307,13243
2169,13297,13247
2174,45005,13251
2197,13309,13271
2198,13315,13271
2200,13307,13273
2203,13287,13277
2208,13291,13281
2210,37043,13281
2215,13315,13287
2222,37043,13291
2230,13317,13301
2251,16015,16001
2254,16045,16001
2255,16073,16001
2257,16045,16003
2265,16029,16005
2266,16041,16005
2270,16029,16007
2271,16041,16007
2273,49033,16007
2289,16023,16013
2290,16025,16013
2294,16063,16013
2295,16067,16013
2300,16045,16015
2304,16055,16017
2306,30053,16017
2307,30089,16017
2308,53051,16017
2321,16033,16023
2324,16059,16023
2327,16047,16025
2328,16063,16025
2335,16041,16029
2346,16043,16033
2348,16059,16033
2349,30001,16033
2369,49033,16041
2372,16065,16043
2374,30001,16043
2375,30031,16043
2379,16075,16045
2384,16063,16047
2409,30001,16059
2410,30081,16059
2412,16069,16061
2414,16067,16063
2428,32007,16073
2430,41045,16073
2433,41045,16075
2462,17051,17005
2464,17135,17005
2473,17017,17009
2475,17149,17009
2476,17169,17009
2493,17085,17015
2495,17177,17015
2496,17195,17015
2504,17169,17017
2518,17029,17023
2519,17033,17023
2520,17035,17023
2521,17045,17023
2522,17079,17023
2524,18167,17023
2539,17035,17029
2541,17045,17029
2542,17139,17029
2543,17173,17029
2545,17043,17031
2546,17089,17031
2548,17111,17031
2549,17197,17031
2550,18089,17031
2552,26021,17031
2554,17079,17033
2555,17101,17033
2556,17159,17033
2557,18083,17033
2560,17049,17035
2561,17079,17035
2562,17173,17035
2564,17089,17037
2568,17111,17037
2570,17201,17037
2582,17089,17043
2584,17197,17043
2588,18167,17045
2590,17159,17047
2591,17185,17047
2595,17051,17049
2596,17079,17049
2597,17173,17049
2599,17121,17051
2600,17135,17051
2601,17173,17051
2611,17081,17055
2612,17145,17055
2613,17165,17055
2617,17109,17057
2620,17169,17057
2631,17083,17061
2634,17149,17061
2635,17171,17061
2640,17105,17063
2641,17197,17063
2649,17109,17067
2650,17169,17067
2651,19111,17067
2653,29111,17067
2684,17159,17079
2686,17121,17081
2687,17145,17081
2688,17189,17081
2695,17177,17085
2698,55043,17085
2699,55065,17085
2701,17127,17087
2702,17151,17087
2704,17165,17087
2705,17181,17087
2709,17111,17089
2736,17159,17101
2737,17185,17101
2738,18083,17101
2753,17169,17109
2757,55127,17111
2779,17189,17121
2784,17175,17123
2791,17151,17127
2793,21139,17127
2794,21145,17127
2801,19115,17131
2804,17163,17133
2805,29099,17133
2806,29186,17133
2810,17173,17135
2817,17173,17139
2828,17189,17145
2831,17171,17149
2833,29163,17149
2834,29173,17149
2836,17165,17151
2838,21139,17151
2850,17185,17159
2859,17189,17163
2861,29510,17163
2870,17201,17177
2871,55045,17177
2872,55065,17177
2877,29031,17181
2878,29157,17181
2886,18083,17185
2897,18089,17197
2900,55045,17201
2906,18179,18001
2940,18097,18011
2941,18107,18011
2950,18067,18015
2952,18181,18015
2961,18077,18019
2962,18143,18019
2963,18175,18019
2965,21185,18019
2981,18037,18025
2982,18061,18025
2983,18117,18025
2985,18175,18025
2986,21163,18025
2988,18037,18027
2990,18083,18027
2991,18101,18027
2992,18125,18027
3001,18047,18031
3003,18137,18031
3004,18139,18031
3009,18151,18033
3011,39171,18033
3013,18053,18035
3019,18101,18037
3020,18117,18037
3022,18125,18037
3023,18147,18037
3024,18173,18037
3050,18137,18047
3051,18139,18047
3052,18161,18047
3069,18067,18053
3070,18069,18053
3072,18103,18053
3074,18169,18053
3075,18179,18053
3091,18097,18059
3092,18139,18059
3095,18175,18061
3098,21163,18061
3110,18103,18067
3113,18169,18069
3114,18179,18069
3137,18137,18077
3138,18143,18077
3150,18125,18083
3153,18099,18085
3155,18169,18085
3171,18101,18093
3173,18117,18093
3174,18175,18093
3181,18131,18099
3182,18141,18099
3183,18149,18099
3185,18117,18101
3187,18169,18103
3207,18175,18117
3220,18173,18125
3226,21101,18129
3229,18149,18131
3230,18181,18131
3240,18149,18141
3241,26021,18141
3242,26027,18141
3244,18175,18143
3247,18173,18147
3248,21059,18147
3249,21091,18147
3252,26023,18151
3254,39171,18151
3266,18177,18161
3268,39135,18161
3280,21059,18173
3281,21101,18173
3284,39037,18177
3285,39135,18177
3290,19003,19001
3292,19029,19001
3293,19049,19001
3294,19077,19001
3295,19121,19001
3296,19175,19001
3298,19029,19003
3299,19137,19003
3301,19159,19003
3302,19173,19003
3303,19175,19003
3305,19043,19005
3306,19065,19005
3307,19191,19005
3308,27055,19005
3326,19013,19011
3332,19171,19011
3334,19017,19013
3336,19023,19013
3337,19065,19013
3339,19171,19013
3341,19049,19015
3342,19073,19015
3344,19153,19015
3349,19023,19017
3351,19065,19017
3352,19067,19017
3361,19041,19021
3365,19151,19021
3366,19161,19021
3368,19033,19023
3370,19067,19023
3373,19083,19023
3387,19077,19029
3388,19137,19029
3399,19067,19033
3401,19081,19033
3402,19131,19033
3405,19197,19033
3429,19059,19041
3430,19063,19041
3434,19151,19041
3438,19065,19043
3439,19191,19043
3441,55043,19043
3454,19073,19049
3455,19077,19049
3456,19121,19049
3457,19153,19049
3483,19063,19059
3498,19191,19065
3501,19089,19067
3502,19131,19067
3510,19129,19071
3511,19137,19071
3513,29005,19071
3514,31025,19071
3515,31131,19071
3517,19077,19073
3524,19121,19077
3535,19197,19081
3539,19197,19083
3547,19101,19087
3548,19111,19087
3549,19115,19087
3551,19183,19087
3553,19131,19089
3554,19191,19089
3556,27099,19089
3577,19123,19099
3578,19125,19099
3580,19153,19099
3583,19171,19099
3585,19107,19101
3588,19183,19101
3597,19123,19107
3600,19183,19107
3613,19139,19115
3614,19183,19115
3616,19125,19117
3617,19135,19117
3619,19185,19117
3629,19153,19121
3630,19175,19121
3633,19125,19123
3634,19135,19123
3638,19135,19125
3639,19153,19125
3646,19137,19129
3649,31025,19129
3650,31153,19129
3653,27099,19131
3660,19185,19135
3664,19173,19137
3666,19163,19139
3686,19161,19151
3699,19173,19159
3700,19175,19159
3712,19175,19173
3713,29147,19173
3734,27055,19191
3767,20033,20007
3768,20077,20007
3769,20095,20007
3770,20097,20007
3773,40151,20007
3775,20053,20009
3776,20145,20009
3777,20159,20009
3778,20165,20009
3780,20185,20009
3806,20035,20019
3807,20049,20019
3808,20125,20019
3810,40147,20019
3823,20033,20025
3824,20057,20025
3825,20097,20025
3826,20119,20025
3827,40007,20025
3841,20201,20029
3849,20097,20033
3851,40151,20033
3853,20049,20035
3854,20173,20035
3855,20191,20035
3856,40071,20035
3867,20179,20039
3868,20193,20039
3869,31065,20039
3872,20061,20041
3873,20113,20041
3874,20115,20041
3875,20127,20041
3879,29003,20043
3882,31147,20043
3885,20087,20045
3886,20091,20045
3887,20103,20045
3888,20121,20045
3890,20177,20045
3900,20125,20049
3904,20141,20051
3905,20163,20051
3906,20165,20051
3910,20105,20053
3911,20113,20053
3912,20159,20053
3926,20083,20057
3927,20097,20057
3928,20119,20057
3935,20127,20061
3937,20197,20061
3955,20081,20067
3956,20093,20067
3957,20187,20067
3958,20189,20067
3965,20199,20071
3976,20095,20077
3977,20191,20077
3981,20113,20079
3982,20115,20079
3983,20155,20079
3984,20173,20079
3986,20093,20081
3987,20119,20081
3989,20189,20081
3992,20145,20083
3994,20087,20085
3996,20149,20085
3997,20177,20085
3999,20103,20087
4000,20177,20087
4009,20103,20091
4010,20121,20091
4016,20187,20093
4020,20155,20095
4021,20173,20095
4022,20191,20095
4035,29165,20103
4038,20141,20105
4043,20121,20107
4045,29217,20107
4048,20181,20109
4049,20193,20109
4050,20199,20109
4053,20127,20111
4055,20197,20111
4057,20115,20113
4058,20155,20113
4059,20159,20113
4062,20127,20115
4073,40007,20119
4081,20133,20125
4084,40147,20125
4086,20197,20127
4112,20163,20141
4114,20183,20141
4118,20165,20145
4119,20185,20145
4121,20163,20147
4122,20183,20147
4123,31061,20147
4127,20177,20149
4128,20197,20149
4139,20159,20155
4140,20173,20155
4141,20185,20155
4148,20185,20159
4153,20183,20163
4162,20191,20173
4168,20197,20177
4170,20193,20179
4172,20193,20181
4173,20199,20181
4175,31061,20183
4176,31181,20183
4179,20189,20187
4184,40071,20191
4191,31067,20201
4192,31095,20201
4217,21073,21005
4219,21179,21005
4221,21215,21005
4223,21239,21005
4226,21145,21007
4231,21169,21009
4235,21017,21011
4236,21069,21011
4239,21181,21011
4259,21181,21017
4260,21209,21017
4265,39087,21019
4276,21161,21023
4278,21201,21023
4279,39015,21023
4297,21179,21029
4298,21215,21029
4308,21055,21033
4310,21143,21033
4312,21233,21033
4342,21155,21045
4345,21217,21045
4369,21231,21053
4370,47027,21053
4371,47137,21053
4373,21139,21055
4374,21143,21055
4376,21233,21055
4383,21091,21059
4384,21101,21059
4385,21149,21059
4407,21161,21069
4408,21181,21069
4409,21201,21069
4418,21103,21073
4419,21187,21073
4420,21209,21073
4422,21239,21073
4433,21113,21079
4435,21151,21079
4446,21145,21083
4447,21157,21083
4448,47079,21083
4449,47183,21083
4457,21169,21087
4458,21217,21087
4486,21149,21101
4488,21233,21101
4490,21185,21103
4491,21187,21103
4513,21151,21113
4515,21239,21113
4525,21133,21119
4527,21193,21119
4528,21195,21119
4537,21147,21125
4548,21237,21129
4552,21193,21133
4553,21195,21133
4554,51195,21133
4564,21143,21139
4565,21145,21139
4566,21157,21139
4574,21157,21143
4577,21157,21145
4580,21231,21147
4582,47013,21147
4583,47151,21147
4587,21233,21149
4594,21179,21155
4595,21217,21155
4604,21201,21161
4606,39015,21161
4632,21215,21179
4635,21201,21181
4641,21209,21187
4648,51027,21195
4650,51195,21195
4664,21239,21209
4684,47137,21231
4685,47151,21231
4699,22011,22003
4700,22039,22003
4701,22053,22003
4703,22115,22003
4721,22029,22009
4722,22039,22009
4724,22077,22009
4727,22125,22009
4729,22019,22011
4730,22053,22011
4731,22115,22011
4732,48351,22011
4755,22053,22019
4756,48351,22019
4760,22041,22021
4761,22049,22021
4763,22073,22021
4764,22083,22021
4765,22127,22021
4781,22077,22029
4782,22107,22029
4783,22125,22029
4785,28157,22029
4787,22069,22031
4788,22081,22031
4790,48365,22031
4811,22053,22039
4816,22083,22041
4817,22107,22041
4834,22061,22049
4835,22073,22049
4836,22127,22049
4841,22089,22051
4842,22095,22051
4844,22105,22051
4846,22113,22053
4860,22073,22061
4861,22111,22061
4877,22081,22069
4879,22115,22069
4880,22127,22069
4886,22083,22073
4887,22111,22073
4892,22099,22077
4894,22125,22077
4899,22123,22083
4907,28045,22087
4910,22095,22089
4911,22105,22089
4918,22105,22095
4931,22117,22105
4937,28063,22107
4943,48351,22115
4946,28109,22117
4948,28147,22117
4954,28157,22125
4969,23023,23005
4996,23021,23019
4997,23025,23019
4998,23027,23019
4999,23029,23019
5001,23025,23021
5004,23027,23025
5021,24005,24003
5023,24027,24003
5024,24029,24003
5025,24033,24003
5028,24510,24003
5030,24013,24005
5031,24025,24005
5032,24027,24005
5033,24029,24005
5034,24510,24005
5043,24019,24011
5047,24021,24013
5048,24027,24013
5049,42001,24013
5057,24033,24017
5058,24037,24017
5060,51099,24017
5063,51193,24017
5065,24037,24019
5070,24027,24021
5073,42001,24021
5074,42055,24021
5075,51107,24021
5081,54077,24023
5083,24029,24025
5088,24033,24027
5098,51510,24033
5104,51193,24037
5152,33005,25011
5153,50003,25011
5172,25025,25023
5179,26007,26001
5180,26069,26001
5181,26119,26001
5185,26041,26003
5186,26083,26003
5187,26095,26003
5188,26103,26003
5189,26153,26003
5191,26015,26005
5192,26077,26005
5194,26139,26005
5199,26119,26007
5201,26141,26007
5210,26017,26011
5213,26069,26011
5218,26103,26013
5222,26067,26015
5223,26077,26015
5228,26111,26017
5232,26055,26019
5234,26101,26019
5235,26165,26019
5236,55029,26019
5237,55061,26019
5239,26027,26021
5244,26077,26023
5245,26149,26023
5253,26077,26027
5254,26149,26027
5257,26031,26029
5258,26047,26029
5260,26097,26029
5261,26137,26029
5262,26153,26029
5264,26047,26031
5265,26097,26031
5266,26119,26031
5267,26137,26031
5268,26141,26031
5270,26095,26033
5271,26097,26033
5272,26141,26033
5277,26111,26035
5279,26133,26035
5280,26143,26035
5289,26079,26039
5291,26119,26039
5294,26137,26039
5295,26143,26039
5298,26103,26041
5300,26153,26041
5301,55029,26041
5304,26103,26043
5306,55037,26043
5313,26097,26047
5315,26087,26049
5316,26093,26049
5333,26079,26055
5335,26101,26055
5337,26165,26055
5339,26067,26057
5341,26111,26057
5381,26091,26075
5382,26093,26075
5383,26161,26075
5385,26149,26077
5389,26137,26079
5390,26143,26079
5391,26165,26079
5398,26103,26083
5402,26101,26085
5403,26105,26085
5405,26123,26085
5406,26127,26085
5407,26133,26085
5408,26165,26085
5413,26151,26087
5419,26115,26091
5420,26161,26091
5426,26161,26093
5428,26097,26095
5429,26153,26095
5431,26141,26097
5432,26153,26097
5438,26105,26101
5439,26165,26101
5440,55061,26101
5441,55071,26101
5445,26123,26105
5446,26127,26105
5447,55071,26105
5463,26161,26115
5464,26163,26115
5470,26137,26119
5471,26141,26119
5479,26127,26123
5480,26133,26123
5485,55089,26127
5494,26165,26133
5518,26163,26161
5531,27025,27003
5534,27123,27003
5536,27163,27003
5546,27021,27007
5547,27029,27007
5548,27057,27007
5552,27089,27007
5553,27113,27007
5562,27149,27011
5563,27151,27011
5564,27155,27011
5565,46051,27011
5566,46109,27011
5568,27015,27013
5569,27043,27013
5570,27079,27013
5587,27085,27019
5589,27143,27019
5593,27057,27021
5595,27097,27021
5606,27065,27025
5607,27115,27025
5608,27163,27025
5618,27057,27029
5620,27113,27029
5621,27119,27029
5637,27123,27037
5638,27131,27037
5640,27163,27037
5644,27099,27039
5646,27131,27039
5649,27051,27041
5653,27149,27041
5656,27047,27043
5665,27099,27047
5677,27149,27051
5678,27155,27051
5679,27167,27051
5686,27169,27055
5704,27095,27065
5705,27115,27065
5713,27089,27069
5725,27137,27075
5726,55003,27075
5727,55007,27075
5728,55031,27075
5733,27131,27079
5735,27143,27079
5745,27101,27083
5752,27143,27085
5758,27113,27089
5759,27119,27089
5761,38035,27089
5771,27097,27095
5780,27105,27101
5783,27133,27101
5788,27133,27105
5801,27119,27113
5805,55031,27115
5813,38035,27119
5814,38097,27119
5820,27163,27123
5833,46099,27133
5834,46101,27133
5837,55031,27137
5850,27151,27149
5851,27155,27149
5856,27167,27155
5857,38077,27155
5858,46109,27155
5860,27169,27157
5861,55011,27157
5862,55091,27157
5871,38077,27167
5873,55011,27169
5897,28019,28007
5898,28051,28007
5899,28079,28007
5900,28089,28007
5916,28017,28013
5919,28115,28013
5921,28161,28013
5928,28025,28017
5930,28095,28017
5931,28115,28017
5944,28061,28023
5945,28075,28023
5950,28095,28025
5960,28063,28029
5962,28085,28029
5964,28127,28029
5978,28067,28035
5980,28109,28035
6003,28109,28045
6017,28083,28051
6018,28089,28051
6033,28095,28057
6034,28117,28057
6035,28141,28057
6039,28067,28061
6040,28075,28061
6043,28129,28061
6046,28085,28063
6051,28127,28065
6054,28129,28067
6081,28089,28079
6096,28147,28085
6142,28145,28115
6144,28139,28117
6145,28141,28117
6146,28145,28117
6149,28143,28119
6160,28129,28127
6171,28145,28139
6198,29075,29003
6200,29147,29003
6203,29147,29005
6205,31131,29005
6207,29019,29007
6211,29163,29007
6212,29173,29007
6215,29109,29009
6216,29119,29009
6218,29209,29009
6237,29031,29017
6239,29157,29017
6240,29207,29017
6244,29051,29019
6257,29207,29023
6265,29177,29025
6278,29157,29031
6280,29207,29031
6298,29057,29039
6299,29167,29039
6301,29217,29039
6306,29121,29041
6308,29195,29041
6330,29131,29051
6340,29065,29055
6341,29071,29055
6342,29073,29055
6344,29161,29055
6349,29109,29057
6350,29167,29057
6367,29161,29065
6368,29179,29065
6370,29215,29065
6383,29073,29071
6384,29099,29071
6387,29219,29071
6393,29161,29073
6394,29219,29073
6397,29147,29075
6445,29186,29099
6450,29107,29101
6453,29111,29103
6454,29121,29103
6455,29199,29103
6464,29177,29107
6465,29195,29107
6468,29209,29109
6474,29163,29113
6476,29219,29113
6484,40041,29119
6508,29141,29131
6527,29155,29143
6529,29207,29143
6540,29213,29153
6545,29186,29157
6551,29215,29161
6553,29173,29163
6592,29213,29209
6596,29229,29215
6609,30081,30001
6615,30103,30003
6617,56003,30003
6669,30109,30021
6678,30109,30025
6679,38011,30025
6680,38033,30025
6682,46063,30025
6691,30035,30029
6692,30047,30029
6694,30053,30029
6695,30063,30029
6698,30089,30029
6699,30099,30029
6701,30043,30031
6703,30059,30031
6705,56029,30031
6719,30095,30037
6721,30107,30037
6735,30059,30045
6736,30107,30045
6738,30063,30047
6739,30089,30047
6748,30089,30053
6759,30107,30059
6761,30063,30061
6762,30089,30061
6765,30081,30063
6766,30089,30063
6798,30091,30085
6799,30105,30085
6800,38053,30085
6807,38023,30091
6822,38033,30109
6823,38053,30109
6836,31119,31003
6838,31183,31003
6841,31075,31005
6848,31123,31007
6849,31157,31007
6851,56021,31007
6866,31045,31013
6867,31123,31013
6868,31157,31013
6869,31161,31013
6870,31165,31013
6873,31103,31015
6875,31149,31015
6877,46053,31015
6884,31041,31019
6885,31047,31019
6888,31099,31019
6890,31163,31019
6893,31053,31021
6895,31177,31021
6897,31037,31023
6898,31053,31023
6901,31143,31023
6902,31155,31023
6904,31185,31023
6907,31131,31025
6908,31153,31025
6909,31155,31025
6914,31179,31027
6915,46027,31027
6916,46135,31027
6919,31085,31029
6944,31053,31037
6946,31167,31037
6953,31047,31041
6955,31111,31041
6957,31115,31041
6958,31163,31041
6959,31175,31041
6965,31161,31045
6966,31165,31045
6970,31063,31047
6972,31111,31047
6985,31155,31053
6986,31177,31053
6995,31095,31059
6996,31129,31059
7000,31185,31059
7003,31099,31061
7005,31181,31061
7007,31065,31063
7009,31085,31063
7011,31111,31063
7019,31095,31067
7022,31131,31067
7023,31133,31067
7039,31161,31075
7059,31111,31085
7086,31181,31099
7092,31149,31103
7093,46053,31103
7116,31149,31115
7122,31167,31119
7123,31179,31119
7129,31157,31123
7130,31161,31123
7139,31181,31129
7142,31147,31133
7153,31185,31143
7162,31155,31153
7165,31165,31157
7172,31175,31163
7178,31179,31167
7184,31183,31175
7192,32019,32001
7193,32021,32001
7196,32031,32001
7204,32011,32007
7207,32033,32007
7208,49003,32007
7211,32021,32009
7216,32033,32011
7228,32033,32017
7229,49001,32017
7230,49021,32017
7231,49027,32017
7232,49053,32017
7234,32021,32019
7236,32031,32019
7249,41025,32031
7252,49023,32033
7253,49027,32033
7257,33003,33001
7258,33009,33001
7259,33013,33001
7260,33017,33001
7263,33009,33003
7264,33017,33003
7266,33011,33005
7267,33019,33005
7273,33013,33009
7274,33019,33009
7278,50027,33009
7280,33013,33011
7282,33019,33011
7285,33017,33013
7286,33019,33013
7292,50027,33019
7301,34013,34003
7302,34017,34003
7305,36061,34003
7306,36087,34003
7309,34007,34005
7310,34021,34005
7313,42017,34005
7314,42101,34005
7317,42101,34007
7324,34017,34013
7335,36061,34017
7336,36085,34017
7347,42017,34021
7379,42017,34041
7380,42089,34041
7391,35051,35003
7406,35021,35007
7407,35033,35007
7408,35055,35007
7411,35037,35009
7412,35041,35009
7413,48017,35009
7415,48369,35009
7442,35033,35021
7443,35037,35021
7447,35029,35023
7449,35041,35025
7451,48079,35025
7452,48165,35025
7453,48301,35025
7462,35039,35028
7464,35049,35028
7466,35051,35029
7471,35039,35033
7473,35049,35033
7474,35055,35033
7481,35041,35037
7485,48205,35037
7486,48359,35037
7490,35049,35039
7491,35055,35039
7493,48017,35041
7494,48079,35041
7504,35057,35049
7512,35061,35057
7546,36029,36009
7547,36121,36009
7548,42083,36009
7590,36039,36025
7592,36095,36025
7594,36111,36025
7603,36121,36029
7605,36033,36031
7608,36115,36031
7609,50001,36031
7610,50007,36031
7613,36089,36033
7626,36083,36039
7627,36095,36039
7628,36111,36039
7641,36049,36045
7642,36075,36045
7643,36089,36045
7649,36065,36049
7650,36075,36049
7651,36089,36049
7668,36091,36057
7669,36093,36057
7670,36095,36057
7676,36081,36061
7680,36075,36065
7685,36099,36069
7686,36101,36069
7688,36123,36069
7703,36085,36081
7705,36091,36083
7706,36115,36083
7707,50003,36083
7713,36093,36091
7715,36115,36091
7717,36095,36093
7720,36099,36097
7721,36101,36097
7723,36123,36097
7727,36123,36099
7729,36123,36101
7747,50001,36115
7748,50003,36115
7749,50021,36115
7755,37033,37001
7756,37037,37001
7763,37035,37003
7773,37153,37007
7774,37167,37007
7776,45025,37007
7777,45069,37007
7804,37187,37015
7806,37047,37017
7807,37051,37017
7808,37141,37017
7809,37155,37017
7810,37163,37017
7812,37047,37019
7814,37141,37019
7818,37089,37021
7820,37115,37021
7841,37053,37029
7842,37073,37029
7844,37177,37029
7845,51550,37029
7857,51083,37033
7859,51590,37033
7866,37105,37037
7867,37125,37037
7885,37071,37045
7888,45021,37045
7889,45091,37045
7891,37141,37047
7892,37155,37047
7897,37107,37049
7898,37137,37049
7903,37125,37051
7904,37155,37051
7905,37163,37051
7908,37177,37053
7909,51550,37053
7920,37159,37057
7921,37167,37057
7942,37127,37065
7961,37119,37071
7962,45091,37071
7971,37173,37075
7972,47009,37075
7973,47123,37075
7981,37107,37079
7983,37191,37079
8012,45045,37089
8022,37137,37095
8023,37177,37095
8024,37187,37095
8033,37173,37099
8035,45073,37099
8037,37127,37101
8038,37163,37101
8040,37191,37101
8046,37125,37105
8049,37191,37107
8061,47029,37115
8062,47059,37115
8063,47171,37115
8070,45091,37119
8083,37153,37125
8084,37165,37125
8097,37141,37133
8105,37163,37141
8119,37165,37153
8120,37167,37153
8121,45025,37153
8122,45069,37153
8124,37165,37155
8127,45069,37155
8133,37167,37159
8138,37191,37163
8140,45069,37165
8154,47009,37173
8161,37187,37177
8175,47091,37189
8214,38049,38009
8217,38079,38009
8220,46063,38011
8222,38023,38013
8223,38061,38013
8225,38101,38013
8228,38029,38015
8229,38043,38015
8230,38055,38015
8232,38065,38015
8233,38083,38015
8247,38073,38021
8249,46013,38021
8250,46089,38021
8265,38043,38029
8269,38085,38029
8270,46021,38029
8277,38053,38033
8280,38063,38035
8282,38097,38035
8285,38041,38037
8287,38085,38037
8298,38083,38043
8299,38093,38043
8310,38055,38049
8313,38083,38049
8314,38101,38049
8319,38061,38053
8322,38057,38055
8323,38061,38055
8324,38065,38055
8325,38083,38055
8326,38101,38055
8329,38065,38057
8336,38101,38061
8354,38077,38073
8360,46091,38077
8361,46109,38077
8363,38095,38079
8397,39075,39005
8399,39083,39005
8400,39093,39005
8401,39103,39005
8403,39169,39005
8420,39091,39011
8427,39081,39013
8428,39111,39013
8429,39121,39013
8435,39071,39015
8444,39081,39019
8445,39151,39019
8446,39157,39019
8448,39023,39021
8449,39091,39021
8450,39097,39021
8456,39097,39023
8477,39075,39031
8478,39083,39031
8481,39157,39031
8490,39055,39035
8491,39085,39035
8492,39093,39035
8493,39103,39035
8495,39153,39035
8500,39135,39037
8509,39083,39041
8511,39101,39041
8512,39117,39041
8521,39073,39045
8541,39079,39053
8542,39087,39053
8544,39163,39053
8546,54053,39053
8548,39085,39055
8550,39153,39055
8551,39155,39055
8584,39131,39071
8585,39141,39071
8589,39141,39073
8590,39163,39073
8592,39083,39075
8593,39151,39075
8594,39157,39075
8595,39169,39075
8602,39087,39079
8603,39131,39079
8604,39141,39079
8605,39145,39079
8606,39163,39079
8608,54009,39081
8613,39117,39083
8617,39145,39087
8627,39103,39093
8641,39117,39101
8645,39153,39103
8646,39169,39103
8659,39121,39111
8660,39167,39111
8662,54095,39111
8663,54103,39111
8678,39167,39121
8680,39143,39123
8681,39173,39123
8683,39137,39125
8689,39141,39131
8690,39145,39131
8698,39173,39137
8701,39163,39141
8704,39173,39143
8711,39153,39151
8712,39157,39151
8713,39169,39151
8715,39169,39153
8718,42085,39155
8726,54095,39167
8734,40041,40001
8743,40023,40005
8745,40069,40005
8746,40121,40005
8752,48295,40007
8764,40015,40011
8765,40017,40011
8767,40043,40011
8768,40073,40011
8769,40093,40011
8778,40017,40015
8779,40031,40015
8781,40051,40015
8786,40051,40017
8787,40073,40017
8789,40087,40017
8790,40109,40017
8806,40089,40023
8808,48277,40023
8809,48387,40023
8824,40033,40031
8825,40051,40031
8833,48077,40033
8842,40081,40037
8844,40111,40037
8845,40117,40037
8846,40119,40037
8857,40093,40043
8858,40129,40043
8859,40153,40043
8880,40087,40051
8889,40065,40057
8891,48087,40057
8897,40077,40061
8898,40079,40061
8899,40091,40061
8901,40121,40061
8913,48487,40065
8922,40123,40069
8924,40103,40071
8928,40093,40073
8929,40109,40073
8934,40079,40077
8935,40121,40077
8938,40089,40079
8944,40109,40081
8945,40119,40081
8946,40125,40081
8957,40123,40087
8958,40125,40087
8961,48037,40089
8962,48387,40089
8966,40111,40091
8967,40121,40091
8969,40151,40093
8970,40153,40093
8984,40117,40103
8985,40119,40103
8994,40125,40109
9004,40119,40117
9010,40125,40123
9017,48483,40129
9039,40153,40151
9053,41047,41005
9073,41019,41011
9077,41025,41013
9078,41031,41013
9093,41035,41019
9110,41045,41025
9120,41043,41031
9121,41047,41031
9136,41047,41043
9182,42055,42001
9185,42005,42003
9186,42007,42003
9187,42019,42003
9189,42129,42003
9191,42019,42005
9192,42031,42005
9193,42063,42005
9195,42129,42005
9197,42019,42007
9198,42073,42007
9202,42013,42009
9205,42061,42009
9216,42027,42013
9218,42061,42013
9221,42113,42015
9222,42115,42015
9229,42101,42017
9231,42031,42019
9232,42073,42019
9233,42085,42019
9234,42121,42019
9249,42089,42025
9254,42035,42027
9255,42061,42027
9256,42087,42027
9257,42119,42027
9259,42045,42029
9265,42121,42031
9274,42119,42035
9302,42101,42045
9323,42061,42055
9324,42067,42055
9334,42067,42061
9335,42087,42061
9338,42129,42063
9341,42087,42067
9342,42097,42067
9344,42109,42067
9347,42089,42069
9348,42115,42069
9355,42085,42073
9378,42121,42085
9380,42109,42087
9381,42119,42087
9384,42103,42089
9389,42097,42093
9394,42109,42097
9395,42119,42097
9404,42119,42109
9441,45045,45001
9443,45059,45001
9452,45009,45005
9453,45011,45005
9454,45029,45005
9462,45011,45009
9463,45029,45009
9473,45019,45015
9474,45027,45015
9475,45035,45015
9476,45043,45015
9486,45029,45019
9487,45035,45019
9488,45043,45019
9490,45083,45021
9492,45091,45021
9497,45091,45023
9500,45055,45025
9502,45069,45025
9509,45035,45029
9545,45059,45045
9547,45083,45045
9560,45061,45055
9567,45083,45059
9606,46025,46005
9607,46059,46005
9608,46073,46005
9610,46111,46005
9611,46115,46005
9619,46067,46009
9620,46135,46009
9628,46037,46013
9630,46049,46013
9631,46089,46013
9632,46091,46013
9633,46115,46013
9645,46063,46019
9646,46081,46019
9647,46093,46019
9649,56011,46019
9652,46089,46021
9660,46029,46025
9661,46037,46025
9662,46057,46025
9664,46115,46025
9668,46127,46027
9669,46135,46027
9671,46037,46029
9672,46039,46029
9673,46051,46029
9674,46057,46029
9689,46067,46035
9690,46111,46035
9692,46051,46037
9693,46091,46037
9694,46109,46037
9695,46115,46037
9697,46051,46039
9698,46057,46039
9717,46059,46049
9719,46107,46049
9720,46115,46049
9722,46109,46051
9729,46093,46055
9730,46103,46055
9731,46117,46055
9732,46137,46055
9737,46073,46059
9738,46115,46059
9749,46117,46065
9752,46087,46067
9754,46135,46067
9766,46111,46073
9781,46093,46081
9782,46103,46081
9783,56011,46081
9784,56045,46081
9795,46099,46087
9800,46109,46091
9802,46103,46093
9804,46137,46093
9811,46101,46099
9816,56045,46103
9828,46137,46117
9840,47013,47001
9841,47093,47001
9842,47129,47001
9843,47145,47001
9844,47151,47001
9845,47173,47001
9847,47031,47003
9853,47017,47005
9854,47039,47005
9855,47079,47005
9864,47153,47007
9867,47093,47009
9869,47123,47009
9878,47151,47013
9879,47173,47013
9881,47031,47015
9884,47177,47015
9885,47189,47015
9887,47039,47017
9890,47079,47017
9891,47113,47017
9892,47183,47017
9903,47187,47021
9919,47137,47027
9921,47059,47029
9930,47177,47031
9934,47075,47033
9936,47113,47033
9975,47075,47047
9976,47157,47047
9977,47167,47047
9979,47129,47049
9981,47137,47049
9982,47141,47049
9983,47151,47049
10000,47067,47057
10003,47093,47057
10004,47173,47057
10008,47171,47059
10024,51105,47067
10040,47113,47075
10041,47167,47075
10046,47183,47079
10050,47119,47081
10052,47187,47081
10068,47163,47091
10070,51191,47091
10073,47145,47093
10075,47173,47093
10082,47119,47099
10107,47153,47115
10113,47187,47119
10116,47145,47121
10118,47139,47123
10124,47145,47129
10125,47151,47129
10134,47151,47137
10138,47185,47141
10150,47177,47153
10153,47167,47157
10161,51191,47163
10176,47185,47177
10184,48073,48001
10185,48161,48001
10186,48213,48001
10187,48225,48001
10188,48289,48001
10219,48065,48011
10221,48179,48011
10222,48375,48011
10224,48437,48011
10226,48029,48013
10228,48255,48013
10231,48311,48013
10235,48089,48015
10236,48149,48015
10242,48079,48017
10244,48279,48017
10245,48369,48017
10247,48029,48019
10248,48259,48019
10251,48385,48019
10252,48463,48019
10275,48099,48027
10279,48331,48027
10282,48091,48029
10283,48187,48029
10284,48259,48029
10298,48227,48033
10299,48305,48033
10304,48099,48035
10305,48143,48035
10307,48217,48035
10310,48425,48035
10313,48343,48037
10314,48387,48037
10348,48059,48049
10354,48411,48049
10356,48287,48051
10357,48331,48051
10367,48149,48055
10369,48187,48055
10371,48453,48055
10380,48253,48059
10394,48179,48065
10395,48233,48065
10397,48375,48065
10406,48279,48069
10407,48369,48069
10409,48437,48069
10411,48167,48071
10416,48213,48073
10417,48225,48073
10418,48347,48073
10419,48401,48073
10427,48237,48077
10428,48337,48077
10432,48279,48079
10448,48121,48085
10450,48181,48085
10455,48179,48087
10457,48483,48087
10459,48149,48089
10460,48239,48089
10464,48187,48091
10466,48259,48091
10495,48105,48103
10497,48371,48103
10499,48475,48103
10501,48235,48105
10502,48371,48105
10503,48383,48105
10504,48413,48105
10506,48443,48105
10510,48125,48107
10515,48303,48107
10516,48305,48107
10517,48345,48107
10545,48159,48119
10548,48277,48119
10549,48387,48119
10551,48181,48121
10552,48439,48121
10555,48175,48123
10557,48255,48123
10559,48469,48123
10564,48269,48125
10565,48345,48125
10566,48433,48125
10582,48311,48131
10613,48221,48143
10615,48425,48143
10628,48287,48149
10631,48253,48151
10634,48353,48151
10636,48433,48151
10654,48387,48159
10656,48499,48159
10658,48213,48161
10659,48289,48161
10661,48349,48161
10685,48227,48173
10687,48329,48173
10688,48383,48173
10692,48255,48175
10694,48469,48175
10703,48483,48179
10707,48401,48183
10730,48233,48195
10755,48359,48205
10758,48253,48207
10759,48269,48207
10760,48275,48207
10762,48433,48207
10771,48257,48213
10772,48349,48213
10777,48427,48215
10783,48349,48217
10794,48425,48221
10800,48289,48225
10821,48383,48235
10822,48413,48235
10823,48451,48235
10825,48337,48237
10832,48321,48239
10833,48469,48239
10842,48371,48243
10843,48377,48243
10844,48389,48243
10862,48353,48253
10864,48433,48253
10890,48275,48269
10891,48345,48269
10892,48433,48269
10899,48355,48273
10901,48433,48275
10904,48387,48277
10906,48303,48279
10907,48369,48279
10917,48331,48287
10939,48319,48299
10940,48411,48299
10942,48389,48301
10943,48475,48301
10946,48305,48303
10961,48343,48315
10966,48327,48319
10967,48411,48319
10978,48413,48327
10980,48451,48327
10982,48383,48329
11004,48387,48343
11009,48401,48347
11017,48399,48353
11025,48375,48359
11033,48401,48365
11040,48389,48371
11041,48443,48371
11042,48475,48371
11052,48499,48379
11057,48451,48383
11060,48463,48385
11064,48475,48389
11074,48451,48399
11090,48451,48413
11163,49021,49001
11164,49027,49001
11165,49031,49001
11182,49013,49009
11184,49047,49009
11185,56037,49009
11193,49047,49013
11201,49047,49015
11202,49055,49015
11214,49025,49021
11215,49053,49021
11217,49027,49023
11223,49053,49025
11234,49055,49031
11239,56041,49033
11267,50007,50001
11269,50021,50001
11270,50023,50001
11271,50027,50001
11273,50021,50003
11275,50027,50003
11283,50011,50007
11284,50013,50007
11286,50023,50007
11290,50013,50011
11292,50019,50011
11302,50027,50021
11326,51045,51005
11327,51163,51005
11332,51041,51007
11333,51049,51007
11337,51147,51007
11340,51019,51009
11342,51125,51009
11343,51163,51009
11353,51510,51013
11372,51067,51019
11375,51163,51019
11397,51167,51027
11420,51063,51035
11425,51640,51035
11434,51083,51037
11435,51111,51037
11437,51147,51037
11440,51075,51041
11443,51149,51041
11444,51570,51041
11446,51730,51041
11468,51065,51049
11469,51075,51049
11471,51147,51049
11501,51067,51063
11507,51075,51065
11515,51171,51069
11517,51840,51069
11520,54031,51069
11522,54065,51069
11572,54071,51091
11573,54075,51091
11584,51181,51095
11594,51193,51099
11603,51195,51105
11613,51147,51111
11620,51131,51115
11631,51163,51125
11637,51735,51131
11657,51181,51149
11658,51183,51149
11660,51730,51149
11676,51530,51163
11687,51191,51167
11688,51195,51167
11694,54031,51171
11710,51183,51181
11721,51720,51195
11739,51730,51570
11799,53017,53007
11800,53033,53007
11801,53037,53007
11810,53059,53011
11822,53037,53017
11830,53071,53021
11840,53031,53027
11843,53049,53027
11846,53031,53029
11857,53037,53033
11869,53059,53039
11890,53069,53049
11938,54101,54007
11959,54033,54017
11961,54085,54017
11962,54095,54017
11963,54103,54017
11994,54071,54031
11997,54049,54033
11998,54091,54033
11999,54097,54033
12000,54103,54033
12019,54045,54043
12021,54079,54043
12025,54109,54045
12032,54091,54049
12033,54103,54049
12038,54079,54053
12058,54075,54071
12066,54101,54075
12068,54091,54077
12079,54095,54085
12088,54103,54095
12090,54101,54097
12107,55007,55003
12108,55051,55003
12113,55017,55005
12116,55107,55005
12119,55129,55005
12121,55031,55007
12123,55129,55007
12125,55015,55009
12126,55029,55009
12127,55061,55009
12128,55071,55009
12129,55083,55009
12130,55087,55009
12131,55115,55009
12134,55091,55011
12142,55071,55015
12143,55087,55015
12145,55139,55015
12147,55019,55017
12150,55107,55017
12155,55073,55019
12161,55047,55021
12162,55057,55021
12164,55111,55021
12183,55061,55029
12185,55083,55029
12188,55129,55031
12200,55041,55037
12208,55067,55041
12210,55083,55041
12211,55085,55041
12214,55049,55043
12215,55065,55043
12216,55103,55043
12218,55049,55045
12219,55065,55045
12224,55139,55047
12226,55065,55049
12227,55103,55049
12228,55111,55049
12243,55081,55057
12244,55111,55057
12251,55071,55061
12259,55073,55067
12260,55078,55067
12261,55083,55067
12262,55085,55067
12263,55115,55067
12272,55097,55073
12273,55115,55073
12282,55083,55078
12283,55115,55078
12292,55115,55083
12297,55115,55087
12299,55139,55087
12303,55133,55089
12311,55115,55097
12324,55111,55103
12331,55129,55107
12346,55133,55127
12360,56009,56001
12361,56021,56001
12362,56031,56001
12365,56029,56003
12367,56043,56003
12381,56025,56009
12383,56031,56009
12384,56045,56009
12386,56045,56011
12400,56029,56017
12401,56043,56017
12407,56031,56021
12414,56043,56025
12420,56043,56029
12427,56041,56037
